{"stats":{"minecraft:picked_up":{"minecraft:oak_log":2},"minecraft:custom":{"minecraft:jump":32,"minecraft:time_since_rest":3827,"minecraft:damage_dealt":10,"minecraft:sprint_one_cm":3783,"minecraft:play_time":3827,"minecraft:time_since_death":3827,"minecraft:walk_one_cm":2549,"minecraft:climb_one_cm":7,"minecraft:sneak_time":6,"minecraft:total_world_time":3827,"minecraft:mob_kills":7,"minecraft:fall_one_cm":1672,"minecraft:fly_one_cm":24812},"minecraft:crafted":{"minecraft:crafting_table":1,"minecraft:oak_planks":8},"minecraft:mined":{"minecraft:grass":1,"minecraft:grass_block":1,"minecraft:oak_log":2,"minecraft:sand":1},"minecraft:killed":{"minecraft:rabbit":6,"minecraft:parrot":1},"minecraft:used":{"minecraft:flint_and_steel":10,"minecraft:crafting_table":1}},"DataVersion":3465}